"espa√±ol","BookIndex"
"arroyo",134
"estado",135
"obedecer",136
"agua",137
"hielo",138
"eternidad",139
"manantial",140
"glandula",141
"prado",142
"peticion",143
"nadar",144
"pantano",145
"alta mar",146
"pan-",147
"riachuelo",148
"cribar",149
"sopa",150
"granos de arena",151
"marea",152
"origen",153
"animado",154
"extinguir",155
"por supuesto",156
"rio",157
"pernoctar",158
"lago",159
"sondear",160
"tierra",161
"escupir",162
"presion",163
"cabo",164
"valla",165
"embutir",166
"joya cuadrada",167
"sellar",168
"horizonte",169
"templo budista",170
"tiempo",171
"anivelado",172
"fuego",173
"inflamacion",174
"angustia",175
"diluido",176
"lampara",177
"plantacion",178
"desastre",179
"ceniza",180
"punto",181
"iluminar",182
"pescado",183
"pescar",184
